rollout/ep_rew_mean,time/total_timesteps,time/episodes,time/fps,rollout/ep_len_mean,time/time_elapsed,rollout/exploration_rate,train/learning_rate,train/loss,train/n_updates,eval/mean_reward,eval/mean_ep_length
2.8,751,10,269,75.1,2,0.985731,,,,,
2.65,1230,20,174,61.5,7,0.9766299999999999,0.0001,0.017312226817011833,57,,
2.6,1705,30,118,56.833333333333336,14,0.9676049999999998,0.0001,0.05659791827201843,176,,
2.5,2264,40,99,56.6,22,0.9569840000000003,0.0001,0.0009040343575179577,315,,
2.58,2831,50,89,56.62,31,0.9462109999999995,0.0001,0.0016725454479455948,457,,
2.566666666666667,3397,60,84,56.61666666666667,40,0.9354570000000003,0.0001,0.013500664383172989,599,,
2.4857142857142858,3869,70,81,55.27142857142857,47,0.9264889999999998,0.0001,0.0074377828277647495,717,,
2.625,4624,80,78,57.8,59,0.9121439999999996,0.0001,0.02130240388214588,905,,
2.7,5290,90,75,58.77777777777778,69,0.8994899999999997,0.0001,0.010878863744437695,1072,,
2.8,5866,100,74,58.66,78,0.8885460000000004,0.0001,0.034625664353370667,1216,,
3.06,6730,110,72,59.79,92,0.8721299999999997,0.0001,0.008073322474956512,1432,,
3.04,7179,120,71,59.49,100,0.8635990000000002,0.0001,0.037504881620407104,1544,,
3.1,7649,130,70,59.44,107,0.8546689999999997,0.0001,0.03354376181960106,1662,,
3.08,8099,140,70,58.35,114,0.8461189999999996,0.0001,0.027509059756994247,1774,,
3.08,8551,150,69,57.2,122,0.8375310000000005,0.0001,0.014424762688577175,1887,,
3.17,9068,160,69,56.71,131,0.8277079999999997,0.0001,0.03245989978313446,2016,,
3.19,9392,170,68,55.23,136,0.8215519999999998,0.0001,0.015032542869448662,2097,,
3.1,9719,180,68,50.95,141,0.8153390000000005,0.0001,0.00964590534567833,2179,,
3.12,10193,190,68,49.03,149,0.8063329999999999,0.0001,0.008933903649449348,2298,,
3.14,10751,200,67,48.85,158,0.7957309999999999,0.0001,0.03592732548713684,2437,,
2.88,11259,210,67,45.29,167,0.7860789999999996,0.0001,0.018840642645955086,2564,,
3.02,11742,220,67,45.63,174,0.7769020000000005,0.0001,0.03442163020372391,2685,,
3.01,12178,230,66,45.29,181,0.7686179999999996,0.0001,0.035094961524009705,2794,,
3.08,12581,240,66,44.82,189,0.7609609999999999,0.0001,0.030767889693379402,2895,,
3.09,13021,250,66,44.7,197,0.7526009999999999,0.0001,0.019138609990477562,3005,,
2.99,13334,260,65,42.66,204,0.7466539999999997,0.0001,0.025297801941633224,3083,,
3.19,13929,270,64,45.37,214,0.7353489999999996,0.0001,0.027209576219320297,3232,,
3.15,14320,280,64,46.01,221,0.7279200000000001,0.0001,0.023865018039941788,3329,,
3.17,14855,290,64,46.62,229,0.7177549999999999,0.0001,0.05785542353987694,3463,,
3.19,15394,300,64,46.43,238,0.7075139999999998,0.0001,0.051610615104436874,3598,,
3.33,15874,310,64,46.15,246,0.6983940000000001,0.0001,0.030365345999598503,3718,,
3.21,16173,320,64,44.31,252,0.6927130000000001,0.0001,0.04873543605208397,3793,,
3.29,16621,330,64,44.43,259,0.6842010000000001,0.0001,0.0423254668712616,3905,,
3.43,17071,340,63,44.9,266,0.675651,0.0001,0.028833691030740738,4017,,
3.46,17488,350,63,44.67,273,0.667728,0.0001,0.035794369876384735,4121,,
3.46,17845,360,63,45.11,279,0.6609450000000001,0.0001,0.01956275850534439,4211,,
3.42,18305,370,63,43.76,287,0.6522049999999997,0.0001,0.04623962938785553,4326,,
3.55,18828,380,63,45.08,296,0.6422679999999998,0.0001,0.020321186631917953,4456,,
3.56,19342,390,63,44.87,304,0.6325019999999996,0.0001,0.059197794646024704,4585,,
3.36,19627,400,63,42.33,309,0.627087,0.0001,0.021385429427027702,4656,,
3.19,20067,410,63,41.93,316,0.618727,0.0001,0.020297296345233917,4766,,
3.42,20603,420,63,44.3,325,0.6085430000000004,0.0001,0.03714597970247269,4900,,
3.45,21067,430,63,44.46,333,0.599727,0.0001,0.04201158881187439,5016,,
3.46,21520,440,63,44.49,340,0.5911200000000003,0.0001,0.02281719073653221,5129,,
3.44,21867,450,63,43.79,346,0.5845269999999996,0.0001,0.025024570524692535,5216,,
3.58,22287,460,63,44.42,353,0.5765469999999999,0.0001,0.04758022353053093,5321,,
3.55,22683,470,63,43.78,360,0.5690229999999998,0.0001,0.04225020855665207,5420,,
3.54,23102,480,62,42.74,367,0.5610619999999998,0.0001,0.03983123227953911,5525,,
3.48,23502,490,62,41.6,373,0.5534619999999997,0.0001,0.04459874704480171,5625,,
3.7,23915,500,62,42.88,381,0.5456149999999997,0.0001,0.04052780941128731,5728,,
3.87,24376,510,62,43.09,388,0.5368559999999999,0.0001,0.03489013761281967,5843,,
3.89,24862,520,62,42.59,398,0.5276220000000001,0.0001,0.026548895984888077,5965,,
3.79,25218,530,62,41.51,404,0.5208579999999997,0.0001,0.06209650635719299,6054,,
3.79,25707,540,62,41.87,412,0.5115670000000004,0.0001,0.04355408996343613,6176,,
3.77,25993,550,62,41.26,417,0.5061330000000002,0.0001,0.059942085295915604,6248,,
3.77,26412,560,62,41.25,424,0.4981720000000003,0.0001,0.0652860701084137,6352,,
3.75,26785,570,62,41.02,431,0.491085,0.0001,0.036584895104169846,6446,,
3.87,27252,580,61,41.5,439,0.4822120000000001,0.0001,0.02680564858019352,6562,,
3.97,27764,590,61,42.62,448,0.4724839999999999,0.0001,0.04172888398170471,6690,,
3.91,28146,600,61,42.31,454,0.4652259999999999,0.0001,0.04232754185795784,6786,,
3.79,28459,610,61,40.83,460,0.4592789999999999,0.0001,0.035055406391620636,6864,,
3.62,28863,620,61,40.01,467,0.45160300000000064,0.0001,0.05118510127067566,6965,,
3.69,29296,630,61,40.78,474,0.4433760000000003,0.0001,0.036714427173137665,7073,,
3.66,29718,640,61,40.11,481,0.4353579999999996,0.0001,0.039513133466243744,7179,,
3.81,30124,650,61,41.31,488,0.42764400000000036,0.0001,0.09776201099157333,7280,,
3.79,30487,660,61,40.75,495,0.4207470000000003,0.0001,0.02430099807679653,7371,,
3.96,30996,670,61,42.11,504,0.41107599999999966,0.0001,0.060504186898469925,7498,,
3.87,31330,680,61,40.78,510,0.4047300000000006,0.0001,0.08275744318962097,7582,,
3.8,31673,690,61,39.09,515,0.39821299999999993,0.0001,0.0432380735874176,7668,,
3.9,32049,700,61,39.03,522,0.3910690000000002,0.0001,0.08176359534263611,7762,,
3.96,32481,710,61,40.22,530,0.38286100000000045,0.0001,0.05657757818698883,7870,,
4.04,32871,720,61,40.08,536,0.3754510000000004,0.0001,0.059899426996707916,7967,,
4.0,33177,730,61,38.81,541,0.3696369999999999,0.0001,0.05486945062875748,8044,,
4.0,33574,740,61,38.56,548,0.36209400000000014,0.0001,0.047773148864507675,8143,,
4.1,34059,750,61,39.35,556,0.35287899999999994,0.0001,0.06176186352968216,8264,,
4.22,34502,760,61,40.15,564,0.3444620000000005,0.0001,0.046910520642995834,8375,,
4.02,34873,770,61,38.77,570,0.3374130000000003,0.0001,0.04871446639299393,8468,,
4.13,35403,780,61,40.73,579,0.32734299999999983,0.0001,0.05700799450278282,8600,,
4.18,35802,790,61,41.29,586,0.3197620000000001,0.0001,0.018635530024766922,8700,,
4.02,36081,800,61,40.32,591,0.31446099999999944,0.0001,0.08831103146076202,8770,,
4.06,36490,810,61,40.09,598,0.3066899999999996,0.0001,0.06727739423513412,8872,,
4.25,36995,820,60,41.24,606,0.2970950000000001,0.0001,0.017079323530197144,8998,,
4.3,37326,830,60,41.49,612,0.2908060000000007,0.0001,0.038226909935474396,9081,,
4.21,37752,840,60,41.78,620,0.28271199999999996,0.0001,0.045880261808633804,9187,,
4.16,38227,850,60,41.68,628,0.2736869999999998,0.0001,0.04931553453207016,9306,,
4.2,38752,860,60,42.5,637,0.26371199999999995,0.0001,0.04779563844203949,9437,,
4.34,39106,870,60,42.33,644,0.2569860000000006,0.0001,0.043250199407339096,9526,,
4.23,39551,880,60,41.48,651,0.24853100000000006,0.0001,0.010278863832354546,9637,,
4.33,39996,890,60,41.94,659,0.24007600000000062,0.0001,0.027569470927119255,9748,,
4.53,40542,900,60,44.61,668,0.22970199999999963,0.0001,0.023954473435878754,9885,,
4.58,41046,910,60,45.56,677,0.2201259999999995,0.0001,0.035209935158491135,10011,,
4.35,41393,920,60,43.98,683,0.21353299999999975,0.0001,0.057056672871112823,10098,,
4.25,41684,930,60,43.58,688,0.20800400000000008,0.0001,0.05240212380886078,10170,,
4.43,42186,940,60,44.34,697,0.19846600000000003,0.0001,0.05260229855775833,10296,,
4.42,42635,950,60,44.08,705,0.18993500000000052,0.0001,0.06255695223808289,10408,,
4.34,43101,960,60,43.49,713,0.18108100000000005,0.0001,0.04252370446920395,10525,,
4.24,43432,970,60,43.26,719,0.17479199999999961,0.0001,0.03687120974063873,10607,,
4.4,43893,980,60,43.42,727,0.16603299999999976,0.0001,0.0464930422604084,10723,,
4.33,44341,990,60,43.45,734,0.1575209999999998,0.0001,0.05916643887758255,10835,,
4.09,44744,1000,60,42.02,741,0.149864,0.0001,0.05408946052193642,10935,,
3.9,45018,1010,60,39.72,746,0.14465799999999995,0.0001,0.04282738268375397,11004,,
3.99,45393,1020,60,40.0,753,0.1375329999999998,0.0001,0.026026716455817223,11098,,
4.07,45745,1030,60,40.61,759,0.13084500000000043,0.0001,0.013521739281713963,11186,,
4.01,46185,1040,60,39.99,767,0.12248500000000051,0.0001,0.030837904661893845,11296,,
4.18,46726,1050,60,40.91,776,0.11220600000000025,0.0001,0.058381449431180954,11431,,
4.18,47066,1060,60,39.65,782,0.10574600000000012,0.0001,0.039105068892240524,11516,,
4.27,47426,1070,60,39.94,788,0.09890599999999972,0.0001,0.023138996213674545,11606,,
4.2,47886,1080,60,39.93,796,0.09016600000000041,0.0001,0.06067762151360512,11721,,
4.23,48349,1090,60,40.08,805,0.08136900000000058,0.0001,0.025354184210300446,11837,,
4.58,48887,1100,60,41.43,814,0.07114699999999985,0.0001,0.047277893871068954,11971,,
4.91,49328,1110,60,43.1,822,0.06276800000000038,0.0001,0.04348210245370865,12081,,
5.03,49810,1120,59,44.17,830,0.05360999999999971,0.0001,0.0254018884152174,12202,,
,50000,,,,,0.0500189999999997,0.0001,0.023196134716272354,12249,3.2,28.4
5.14,50242,1130,59,44.97,839,0.05,0.0001,0.07154962420463562,12310,,
5.09,50563,1140,59,43.78,844,0.05,0.0001,0.04232950881123543,12390,,
4.87,50907,1150,59,41.81,850,0.05,0.0001,0.03927887603640556,12476,,
4.97,51347,1160,59,42.81,858,0.05,0.0001,0.04602671042084694,12586,,
5.01,51805,1170,59,43.79,866,0.05,0.0001,0.018574634566903114,12701,,
5.0,52207,1180,59,43.21,873,0.05,0.0001,0.015085136517882347,12801,,
4.87,52522,1190,59,41.73,878,0.05,0.0001,0.04347982257604599,12880,,
4.65,52942,1200,59,40.55,886,0.05,0.0001,0.028538689017295837,12985,,
4.46,53290,1210,59,39.62,892,0.05,0.0001,0.022265005856752396,13072,,
4.26,53683,1220,59,38.73,899,0.05,0.0001,0.06630545854568481,13170,,
4.22,54090,1230,59,38.48,906,0.05,0.0001,0.04149632155895233,13272,,
4.22,54473,1240,59,39.1,913,0.05,0.0001,0.04064363241195679,13368,,
4.47,55126,1250,59,42.19,924,0.05,0.0001,0.06130155548453331,13531,,
4.48,55586,1260,59,42.39,932,0.05,0.0001,0.031951792538166046,13646,,
4.4,55884,1270,59,40.79,938,0.05,0.0001,0.034860096871852875,13720,,
4.4,56328,1280,59,41.21,946,0.05,0.0001,0.04510970786213875,13831,,
4.66,56751,1290,59,42.29,953,0.05,0.0001,0.041005939245224,13937,,
4.8,57192,1300,59,42.5,961,0.05,0.0001,0.025772476568818092,14047,,
4.91,57641,1310,59,43.51,968,0.05,0.0001,0.050565898418426514,14160,,
5.33,58267,1320,59,45.84,979,0.05,0.0001,0.05107004567980766,14316,,
5.5,58692,1330,59,46.02,987,0.05,0.0001,0.054040126502513885,14422,,
5.76,59243,1340,59,47.7,997,0.05,0.0001,0.034858230501413345,14560,,
5.45,59618,1350,59,44.92,1003,0.05,0.0001,0.05135297775268555,14654,,
5.41,60098,1360,59,45.12,1012,0.05,0.0001,0.06263981014490128,14774,,
5.47,60498,1370,59,46.14,1019,0.05,0.0001,0.05095071718096733,14874,,
5.4,60860,1380,59,45.32,1025,0.05,0.0001,0.034404754638671875,14964,,
5.37,61346,1390,59,45.95,1034,0.05,0.0001,0.04953053966164589,15086,,
5.4,61843,1400,59,46.51,1043,0.05,0.0001,0.04312312230467796,15210,,
5.24,62191,1410,59,45.5,1049,0.05,0.0001,0.06674414128065109,15297,,
4.89,62584,1420,59,43.17,1056,0.05,0.0001,0.021472228690981865,15395,,
4.87,63092,1430,59,44.0,1065,0.05,0.0001,0.03925428166985512,15522,,
4.83,63648,1440,59,44.05,1075,0.05,0.0001,0.041943542659282684,15661,,
4.98,64057,1450,59,44.39,1082,0.05,0.0001,0.04346234351396561,15764,,
4.92,64405,1460,59,43.07,1088,0.05,0.0001,0.03877825662493706,15851,,
5.0,64831,1470,59,43.33,1095,0.05,0.0001,0.059077974408864975,15957,,
5.12,65237,1480,59,43.77,1102,0.05,0.0001,0.0419883094727993,16059,,
5.11,65739,1490,59,43.93,1111,0.05,0.0001,0.04842095449566841,16184,,
5.13,66229,1500,59,43.86,1120,0.05,0.0001,0.030369075015187263,16307,,
5.29,66672,1510,59,44.81,1127,0.05,0.0001,0.02381627820432186,16417,,
5.38,67214,1520,59,46.3,1137,0.05,0.0001,0.03979719802737236,16553,,
5.23,67671,1530,59,45.79,1145,0.05,0.0001,0.057826507836580276,16667,,
5.28,68241,1540,59,45.93,1155,0.05,0.0001,0.036902058869600296,16810,,
5.5,68878,1550,59,48.21,1166,0.05,0.0001,0.0159184280782938,16969,,
5.53,69399,1560,59,49.94,1175,0.05,0.0001,0.031483713537454605,17099,,
5.61,69935,1570,59,51.04,1184,0.05,0.0001,0.03254929929971695,17233,,
5.65,70482,1580,59,52.45,1194,0.05,0.0001,0.036845285445451736,17370,,
5.58,70914,1590,59,51.75,1201,0.05,0.0001,0.021975906565785408,17478,,
5.52,71398,1600,58,51.69,1210,0.05,0.0001,0.029669392853975296,17599,,
5.46,71777,1610,58,51.05,1216,0.05,0.0001,0.03129934147000313,17694,,
5.6,72280,1620,58,50.66,1225,0.05,0.0001,0.0731392502784729,17819,,
5.78,72771,1630,58,51.0,1234,0.05,0.0001,0.0494556687772274,17942,,
5.49,73097,1640,58,48.56,1239,0.05,0.0001,0.01983962021768093,18024,,
5.61,73789,1650,58,49.11,1251,0.05,0.0001,0.05068657174706459,18197,,
5.47,74160,1660,58,47.61,1258,0.05,0.0001,0.0440230593085289,18289,,
5.2,74523,1670,58,45.88,1264,0.05,0.0001,0.036889106035232544,18380,,
4.99,74803,1680,58,43.21,1269,0.05,0.0001,0.04688657820224762,18450,,
5.26,75477,1690,58,45.63,1281,0.05,0.0001,0.03180226311087608,18619,,
5.18,75938,1700,58,45.4,1289,0.05,0.0001,0.018562376499176025,18734,,
5.36,76422,1710,58,46.45,1297,0.05,0.0001,0.055742863565683365,18855,,
5.16,76798,1720,58,45.18,1304,0.05,0.0001,0.025887159630656242,18949,,
5.13,77266,1730,58,44.95,1312,0.05,0.0001,0.042578455060720444,19066,,
5.24,77669,1740,58,45.72,1319,0.05,0.0001,0.045655880123376846,19167,,
4.73,78037,1750,58,42.48,1326,0.05,0.0001,0.0562078133225441,19259,,
4.93,78567,1760,58,44.07,1336,0.05,0.0001,0.022264692932367325,19391,,
5.04,78960,1770,58,44.37,1343,0.05,0.0001,0.04086744040250778,19489,,
5.34,79527,1780,58,47.24,1353,0.05,0.0001,0.029941264539957047,19631,,
5.05,79858,1790,58,43.81,1359,0.05,0.0001,0.05685977637767792,19714,,
5.0,80295,1800,58,43.57,1366,0.05,0.0001,0.02485189214348793,19823,,
4.85,80690,1810,58,42.68,1374,0.05,0.0001,0.0350002720952034,19922,,
4.96,81166,1820,58,43.68,1382,0.05,0.0001,0.03891711309552193,20041,,
5.13,81801,1830,58,45.35,1393,0.05,0.0001,0.02915751002728939,20200,,
5.15,82139,1840,58,44.7,1399,0.05,0.0001,0.018140971660614014,20284,,
5.45,82706,1850,58,46.69,1409,0.05,0.0001,0.027725664898753166,20426,,
5.48,83245,1860,58,46.78,1418,0.05,0.0001,0.028090495616197586,20561,,
5.53,83702,1870,58,47.42,1427,0.05,0.0001,0.009082268923521042,20675,,
5.41,84145,1880,58,46.18,1434,0.05,0.0001,0.01962367258965969,20786,,
5.65,84741,1890,58,48.83,1445,0.05,0.0001,0.030662113800644875,20935,,
6.02,85389,1900,58,50.94,1456,0.05,0.0001,0.025487001985311508,21097,,
6.21,86083,1910,58,53.93,1468,0.05,0.0001,0.019427400082349777,21270,,
6.15,86495,1920,58,53.29,1475,0.05,0.0001,0.03134012222290039,21373,,
5.91,86942,1930,58,51.41,1483,0.05,0.0001,0.058985985815525055,21485,,
6.22,87641,1940,58,55.02,1495,0.05,0.0001,0.0598485954105854,21660,,
6.19,88208,1950,58,55.02,1505,0.05,0.0001,0.053599126636981964,21801,,
6.19,88767,1960,58,55.22,1514,0.05,0.0001,0.028626054525375366,21941,,
6.46,89401,1970,58,56.99,1525,0.05,0.0001,0.03807016462087631,22100,,
6.69,90021,1980,58,58.76,1536,0.05,0.0001,0.014028303325176239,22255,,
6.76,90709,1990,58,59.68,1548,0.05,0.0001,0.053522951900959015,22427,,
6.6,91290,2000,58,59.01,1558,0.05,0.0001,0.015774298459291458,22572,,
6.6,91824,2010,58,57.41,1568,0.05,0.0001,0.03808646276593208,22705,,
6.63,92361,2020,58,58.66,1577,0.05,0.0001,0.041753139346838,22840,,
6.51,92713,2030,58,57.71,1583,0.05,0.0001,0.025297850370407104,22928,,
6.15,93228,2040,58,55.87,1593,0.05,0.0001,0.03987431526184082,23056,,
6.14,93739,2050,58,55.31,1602,0.05,0.0001,0.02311651036143303,23184,,
6.47,94477,2060,58,57.1,1614,0.05,0.0001,0.02762974053621292,23369,,
6.12,94821,2070,58,54.2,1620,0.05,0.0001,0.015329536981880665,23455,,
5.87,95224,2080,58,52.03,1627,0.05,0.0001,0.021665016189217567,23555,,
5.61,95708,2090,58,49.99,1636,0.05,0.0001,0.022425871342420578,23676,,
5.61,96170,2100,58,48.8,1644,0.05,0.0001,0.025716284289956093,23792,,
5.43,96694,2110,58,48.7,1653,0.05,0.0001,0.036709196865558624,23923,,
5.36,97330,2120,58,49.69,1664,0.05,0.0001,0.027213741093873978,24082,,
5.51,97842,2130,58,51.29,1673,0.05,0.0001,0.03177971765398979,24210,,
5.72,98416,2140,58,51.88,1683,0.05,0.0001,0.036113787442445755,24353,,
5.59,98824,2150,58,50.85,1690,0.05,0.0001,0.03913842886686325,24455,,
5.32,99364,2160,58,48.87,1699,0.05,0.0001,0.03535611182451248,24590,,
,100000,,,,,0.05,0.0001,0.02841263823211193,24749,5.6,57.4
5.51,100012,2170,58,51.91,1712,0.05,0.0001,0.027874937281012535,24752,,
5.37,100320,2180,58,50.96,1718,0.05,0.0001,0.010800122283399105,24829,,
5.45,100898,2190,58,51.9,1728,0.05,0.0001,0.03373235464096069,24974,,
5.45,101407,2200,58,52.37,1737,0.05,0.0001,0.045484259724617004,25101,,
5.55,101924,2210,58,52.3,1746,0.05,0.0001,0.024509694427251816,25230,,
5.78,102561,2220,58,52.31,1756,0.05,0.0001,0.031041037291288376,25390,,
5.98,103183,2230,58,53.41,1767,0.05,0.0001,0.023786062374711037,25545,,
5.86,103624,2240,58,52.08,1775,0.05,0.0001,0.029986267909407616,25655,,
6.12,104335,2250,58,55.11,1787,0.05,0.0001,0.03725042566657066,25833,,
6.06,104756,2260,58,53.92,1795,0.05,0.0001,0.024275654926896095,25938,,
5.97,105232,2270,58,52.2,1803,0.05,0.0001,0.023669375106692314,26057,,
6.3,105880,2280,58,55.6,1814,0.05,0.0001,0.020599784329533577,26219,,
6.33,106473,2290,58,55.75,1824,0.05,0.0001,0.01943461410701275,26368,,
6.23,106871,2300,58,54.64,1831,0.05,0.0001,0.03917061537504196,26467,,
6.09,107262,2310,58,53.38,1838,0.05,0.0001,0.02518281526863575,26565,,
5.98,107912,2320,58,53.51,1849,0.05,0.0001,0.018862899392843246,26727,,
5.89,108510,2330,58,53.27,1860,0.05,0.0001,0.010902570560574532,26877,,
6.06,109133,2340,58,55.09,1871,0.05,0.0001,0.05421217530965805,27033,,
5.91,109721,2350,58,53.86,1881,0.05,0.0001,0.022365715354681015,27180,,
6.03,110324,2360,58,55.68,1892,0.05,0.0001,0.05400625243782997,27330,,
6.15,110862,2370,58,56.3,1901,0.05,0.0001,0.0345832034945488,27465,,
5.91,111295,2380,58,54.15,1909,0.05,0.0001,0.02459382265806198,27573,,
5.96,111870,2390,58,53.97,1919,0.05,0.0001,0.020310644060373306,27717,,
6.07,112410,2400,58,55.39,1928,0.05,0.0001,0.029929155483841896,27852,,
6.12,112923,2410,58,56.61,1937,0.05,0.0001,0.023067759349942207,27980,,
6.17,113487,2420,58,55.75,1947,0.05,0.0001,0.03620205447077751,28121,,
5.99,113905,2430,58,53.95,1954,0.05,0.0001,0.03025812841951847,28226,,
5.84,114406,2440,58,52.73,1963,0.05,0.0001,0.026818055659532547,28351,,
5.59,114686,2450,58,49.65,1968,0.05,0.0001,0.06733939051628113,28421,,
5.65,115303,2460,58,49.79,1978,0.05,0.0001,0.030943749472498894,28575,,
5.64,115861,2470,58,49.99,1988,0.05,0.0001,0.03178725391626358,28715,,
5.77,116288,2480,58,49.93,1996,0.05,0.0001,0.04459790885448456,28821,,
5.86,116927,2490,58,50.57,2007,0.05,0.0001,0.019547870382666588,28981,,
5.8,117438,2500,58,50.28,2015,0.05,0.0001,0.028182659298181534,29109,,
5.9,117949,2510,58,50.26,2024,0.05,0.0001,0.03398371860384941,29237,,
5.63,118354,2520,58,48.67,2031,0.05,0.0001,0.03143461421132088,29338,,
5.56,118744,2530,58,48.39,2038,0.05,0.0001,0.03232797235250473,29435,,
5.64,119363,2540,58,49.57,2049,0.05,0.0001,0.02938474901020527,29590,,
5.94,119966,2550,58,52.8,2059,0.05,0.0001,0.05225570127367973,29741,,
5.92,120657,2560,58,53.54,2071,0.05,0.0001,0.03226105123758316,29914,,
5.63,120996,2570,58,51.35,2077,0.05,0.0001,0.024525439366698265,29998,,
5.68,121547,2580,58,52.59,2086,0.05,0.0001,0.037392012774944305,30136,,
5.54,122012,2590,58,50.85,2095,0.05,0.0001,0.03762385621666908,30252,,
5.57,122603,2600,58,51.65,2105,0.05,0.0001,0.048968032002449036,30400,,
5.53,123082,2610,58,51.33,2113,0.05,0.0001,0.027550512924790382,30520,,
5.8,123563,2620,58,52.09,2121,0.05,0.0001,0.03456612676382065,30640,,
5.92,124021,2630,58,52.77,2130,0.05,0.0001,0.04454523324966431,30755,,
5.93,124676,2640,58,53.13,2141,0.05,0.0001,0.02556685358285904,30918,,
6.04,125308,2650,58,53.42,2152,0.05,0.0001,0.047772444784641266,31076,,
5.92,125855,2660,58,51.98,2161,0.05,0.0001,0.03771497681736946,31213,,
6.02,126217,2670,58,52.21,2168,0.05,0.0001,0.020849056541919708,31304,,
5.95,126674,2680,58,51.27,2176,0.05,0.0001,0.03189283609390259,31418,,
6.05,127264,2690,58,52.52,2186,0.05,0.0001,0.021395130082964897,31565,,
5.9,127620,2700,58,50.17,2193,0.05,0.0001,0.061516355723142624,31654,,
5.93,128101,2710,58,50.19,2202,0.05,0.0001,0.04579036682844162,31775,,
5.99,128634,2720,58,50.71,2211,0.05,0.0001,0.04408979415893555,31908,,
6.13,129184,2730,58,51.63,2221,0.05,0.0001,0.04648899659514427,32045,,
6.36,129857,2740,58,51.81,2233,0.05,0.0001,0.047874707728624344,32214,,
6.26,130423,2750,58,51.15,2243,0.05,0.0001,0.022385746240615845,32355,,
6.19,130882,2760,58,50.27,2251,0.05,0.0001,0.03449995070695877,32470,,
6.29,131412,2770,58,51.95,2260,0.05,0.0001,0.026419028639793396,32602,,
6.34,131926,2780,58,52.52,2269,0.05,0.0001,0.02423570491373539,32731,,
6.16,132398,2790,58,51.34,2277,0.05,0.0001,0.021568894386291504,32849,,
6.52,133033,2800,58,54.13,2288,0.05,0.0001,0.07036841660737991,33008,,
6.56,133770,2810,58,56.69,2301,0.05,0.0001,0.03865743428468704,33192,,
6.52,134326,2820,58,56.92,2311,0.05,0.0001,0.022523613646626472,33331,,
6.54,134952,2830,58,57.68,2321,0.05,0.0001,0.03688230738043785,33487,,
6.19,135339,2840,58,54.82,2328,0.05,0.0001,0.04862029850482941,33584,,
6.15,135879,2850,58,54.56,2338,0.05,0.0001,0.04050077125430107,33719,,
6.18,136341,2860,58,54.59,2346,0.05,0.0001,0.024966055527329445,33835,,
6.33,136989,2870,58,55.77,2358,0.05,0.0001,0.04141803830862045,33997,,
6.35,137523,2880,58,55.97,2367,0.05,0.0001,0.056240014731884,34130,,
6.52,138112,2890,58,57.14,2377,0.05,0.0001,0.02652914449572563,34277,,
6.23,138540,2900,58,55.07,2384,0.05,0.0001,0.035614460706710815,34384,,
6.28,139075,2910,58,53.05,2394,0.05,0.0001,0.02548486739397049,34518,,
5.88,139363,2920,58,50.37,2399,0.05,0.0001,0.03266851231455803,34590,,
5.89,139991,2930,58,50.39,2410,0.05,0.0001,0.02807466685771942,34747,,
5.96,140475,2940,58,51.36,2419,0.05,0.0001,0.04477165266871452,34868,,
6.1,141127,2950,58,52.48,2430,0.05,0.0001,0.04867422953248024,35031,,
6.05,141588,2960,58,52.47,2438,0.05,0.0001,0.038386519998311996,35146,,
5.97,142171,2970,58,51.82,2449,0.05,0.0001,0.03887874260544777,35292,,
5.91,142703,2980,58,51.8,2458,0.05,0.0001,0.019365379586815834,35425,,
5.76,143217,2990,58,51.05,2467,0.05,0.0001,0.010604866780340672,35554,,
5.83,143726,3000,58,51.86,2476,0.05,0.0001,0.024982178583741188,35681,,
5.92,144402,3010,58,53.27,2488,0.05,0.0001,0.041702914983034134,35850,,
6.43,145075,3020,58,57.12,2500,0.05,0.0001,0.04379613697528839,36018,,
6.16,145399,3030,58,54.08,2506,0.05,0.0001,0.01787002943456173,36099,,
6.1,145754,3040,58,52.79,2512,0.05,0.0001,0.015046898275613785,36188,,
6.11,146327,3050,58,52.0,2522,0.05,0.0001,0.024841951206326485,36331,,
6.31,147020,3060,57,54.32,2534,0.05,0.0001,0.018237847834825516,36504,,
6.4,147553,3070,57,53.82,2544,0.05,0.0001,0.032887350767850876,36638,,
6.34,148080,3080,57,53.77,2553,0.05,0.0001,0.034877777099609375,36769,,
6.29,148502,3090,57,52.85,2560,0.05,0.0001,0.04556558281183243,36875,,
6.4,149073,3100,57,53.47,2570,0.05,0.0001,0.02703717350959778,37018,,
6.25,149651,3110,57,52.49,2580,0.05,0.0001,0.019858021289110184,37162,,
,150000,,,,,0.05,0.0001,0.021659869700670242,37249,4.8,46.4
6.13,150300,3120,57,52.25,2593,0.05,0.0001,0.022278768941760063,37324,,
6.41,150980,3130,57,55.81,2605,0.05,0.0001,0.024636438116431236,37494,,
6.62,151642,3140,57,58.88,2617,0.05,0.0001,0.042396996170282364,37660,,
6.6,152249,3150,57,59.22,2627,0.05,0.0001,0.02838955633342266,37812,,
6.43,152765,3160,57,57.45,2636,0.05,0.0001,0.0475224107503891,37941,,
6.32,153241,3170,57,56.88,2645,0.05,0.0001,0.03236706927418709,38060,,
6.54,153856,3180,57,57.76,2655,0.05,0.0001,0.04996781796216965,38213,,
6.75,154506,3190,57,60.04,2667,0.05,0.0001,0.021769868209958076,38376,,
6.69,155033,3200,57,59.6,2676,0.05,0.0001,0.015972767025232315,38508,,
6.61,155506,3210,57,58.55,2684,0.05,0.0001,0.020254261791706085,38626,,
6.72,156266,3220,57,59.66,2697,0.05,0.0001,0.028919612988829613,38816,,
6.7,156821,3230,57,58.41,2707,0.05,0.0001,0.02322152443230152,38955,,
6.64,157405,3240,57,57.63,2717,0.05,0.0001,0.01705322600901127,39101,,
6.6,158079,3250,57,58.3,2728,0.05,0.0001,0.0367572195827961,39269,,
6.54,158529,3260,57,57.64,2736,0.05,0.0001,0.027768215164542198,39382,,
6.49,158994,3270,57,57.53,2744,0.05,0.0001,0.03734957426786423,39498,,
6.32,159599,3280,57,57.43,2754,0.05,0.0001,0.03518572077155113,39649,,
6.05,160042,3290,57,55.36,2762,0.05,0.0001,0.03559624031186104,39760,,
6.06,160610,3300,57,55.77,2772,0.05,0.0001,0.01709887385368347,39902,,
6.02,161061,3310,57,55.55,2780,0.05,0.0001,0.015161613002419472,40015,,
5.75,161513,3320,57,52.47,2787,0.05,0.0001,0.036402393132448196,40128,,
5.73,162088,3330,57,52.67,2797,0.05,0.0001,0.024386221542954445,40271,,
5.55,162449,3340,57,50.44,2804,0.05,0.0001,0.015469897538423538,40362,,
5.55,163037,3350,57,49.58,2814,0.05,0.0001,0.039838384836912155,40509,,
5.68,163604,3360,57,50.75,2824,0.05,0.0001,0.03559952229261398,40650,,
5.71,164189,3370,57,51.95,2834,0.05,0.0001,0.03612648323178291,40797,,
5.84,164788,3380,57,51.89,2844,0.05,0.0001,0.029840854927897453,40946,,
5.74,165169,3390,57,51.27,2851,0.05,0.0001,0.026853948831558228,41042,,
5.78,165673,3400,57,50.63,2859,0.05,0.0001,0.02050168067216873,41168,,
5.93,166267,3410,57,52.06,2870,0.05,0.0001,0.029691217467188835,41316,,
5.84,166699,3420,57,51.86,2884,0.05,0.0001,0.02900880016386509,41424,,
5.84,167237,3430,57,51.49,2897,0.05,0.0001,0.01731828786432743,41559,,
5.99,167833,3440,57,53.84,2909,0.05,0.0001,0.04154267907142639,41708,,
5.78,168212,3450,57,51.75,2916,0.05,0.0001,0.024297799915075302,41802,,
5.65,168707,3460,57,51.03,2926,0.05,0.0001,0.0555775910615921,41926,,
5.64,169140,3470,57,49.51,2935,0.05,0.0001,0.03245341405272484,42034,,
5.71,169684,3480,57,48.96,2945,0.05,0.0001,0.027484657242894173,42170,,
5.89,170134,3490,57,49.65,2955,0.05,0.0001,0.026509597897529602,42283,,
5.69,170550,3500,57,48.77,2963,0.05,0.0001,0.018100909888744354,42387,,
5.75,171205,3510,57,49.38,2975,0.05,0.0001,0.018818138167262077,42551,,
5.97,171765,3520,57,50.66,2986,0.05,0.0001,0.018277691677212715,42691,,
5.86,172307,3530,57,50.7,2997,0.05,0.0001,0.0292726568877697,42826,,
5.85,172885,3540,57,50.52,3008,0.05,0.0001,0.0242741871625185,42971,,
5.95,173483,3550,57,52.71,3019,0.05,0.0001,0.031645096838474274,43120,,
6.08,174049,3560,57,53.42,3030,0.05,0.0001,0.03484416753053665,43262,,
6.27,174700,3570,57,55.6,3043,0.05,0.0001,0.026046201586723328,43424,,
6.08,175221,3580,57,55.37,3053,0.05,0.0001,0.0476672500371933,43555,,
6.05,175717,3590,57,55.83,3062,0.05,0.0001,0.030679229646921158,43679,,
6.24,176275,3600,57,57.25,3073,0.05,0.0001,0.014105363748967648,43818,,
6.04,176751,3610,57,55.46,3082,0.05,0.0001,0.03992167487740517,43937,,
6.07,177381,3620,57,56.16,3095,0.05,0.0001,0.04237453266978264,44095,,
6.09,177919,3630,57,56.12,3105,0.05,0.0001,0.044565387070178986,44229,,
6.06,178503,3640,57,56.18,3116,0.05,0.0001,0.029534554108977318,44375,,
6.04,178987,3650,57,55.04,3126,0.05,0.0001,0.05244976654648781,44496,,
6.23,179693,3660,57,56.44,3139,0.05,0.0001,0.04793542996048927,44673,,
6.13,180328,3670,57,56.28,3151,0.05,0.0001,0.021960318088531494,44831,,
6.35,181062,3680,57,58.41,3165,0.05,0.0001,0.029882974922657013,45015,,
6.35,181462,3690,57,57.45,3174,0.05,0.0001,0.022576162591576576,45115,,
6.12,181921,3700,57,56.46,3183,0.05,0.0001,0.02135520800948143,45230,,
6.09,182309,3710,57,55.58,3190,0.05,0.0001,0.019336653873324394,45327,,
5.87,182708,3720,57,53.27,3199,0.05,0.0001,0.03704479709267616,45426,,
5.83,183203,3730,57,52.84,3209,0.05,0.0001,0.029997296631336212,45550,,
6.06,183852,3740,57,53.49,3220,0.05,0.0001,0.026655729860067368,45712,,
6.15,184510,3750,57,55.23,3231,0.05,0.0001,0.03390078991651535,45877,,
6.15,185198,3760,57,55.05,3243,0.05,0.0001,0.026019154116511345,46049,,
6.24,185861,3770,57,55.33,3255,0.05,0.0001,0.026146896183490753,46215,,
6.11,186510,3780,57,54.48,3267,0.05,0.0001,0.01909826509654522,46377,,
6.35,187164,3790,57,57.02,3278,0.05,0.0001,0.02725854329764843,46540,,
6.56,187837,3800,57,59.16,3290,0.05,0.0001,0.028711672872304916,46709,,
6.73,188422,3810,57,61.13,3300,0.05,0.0001,0.05336064472794533,46855,,
6.99,189051,3820,57,63.43,3311,0.05,0.0001,0.03248274698853493,47012,,
7.15,189569,3830,57,63.66,3321,0.05,0.0001,0.017390260472893715,47142,,
7.06,190284,3840,57,64.32,3333,0.05,0.0001,0.020925942808389664,47320,,
6.99,190832,3850,57,63.22,3343,0.05,0.0001,0.015425932593643665,47457,,
6.79,191240,3860,57,60.42,3350,0.05,0.0001,0.035252220928668976,47559,,
6.68,191785,3870,57,59.24,3360,0.05,0.0001,0.027592815458774567,47696,,
6.59,192259,3880,57,57.49,3368,0.05,0.0001,0.008413409814238548,47814,,
6.41,192782,3890,57,56.18,3378,0.05,0.0001,0.03996402770280838,47945,,
6.55,193435,3900,57,55.98,3389,0.05,0.0001,0.015024937689304352,48108,,
6.55,193940,3910,57,55.18,3398,0.05,0.0001,0.03818505257368088,48234,,
6.6,194639,3920,57,55.88,3411,0.05,0.0001,0.034678950905799866,48409,,
6.42,195143,3930,57,55.74,3419,0.05,0.0001,0.03685787320137024,48535,,
6.19,195635,3940,57,53.51,3429,0.05,0.0001,0.026189099997282028,48658,,
6.35,196193,3950,57,53.61,3439,0.05,0.0001,0.028427604585886,48798,,
6.26,196677,3960,57,54.37,3448,0.05,0.0001,0.03561678156256676,48919,,
6.39,197356,3970,57,55.71,3460,0.05,0.0001,0.027986645698547363,49088,,
6.4,197825,3980,57,55.66,3468,0.05,0.0001,0.015042122453451157,49206,,
6.35,198348,3990,57,55.66,3477,0.05,0.0001,0.031573664397001266,49336,,
6.2,198969,4000,57,55.34,3488,0.05,0.0001,0.02106776088476181,49492,,
6.13,199470,4010,57,55.3,3498,0.05,0.0001,0.03411666303873062,49617,,
,200000,,,,,0.05,0.0001,0.021853435784578323,49749,8.8,69.6
6.21,200241,4020,56,56.02,3513,0.05,0.0001,0.04571695625782013,49810,,
6.31,200744,4030,56,56.01,3522,0.05,0.0001,0.030958624556660652,49935,,
6.41,201305,4040,56,56.7,3532,0.05,0.0001,0.016554459929466248,50076,,
6.27,201886,4050,56,56.93,3542,0.05,0.0001,0.023088058456778526,50221,,
6.53,202562,4060,56,58.85,3554,0.05,0.0001,0.059513628482818604,50390,,
6.37,203082,4070,56,57.26,3563,0.05,0.0001,0.02803165838122368,50520,,
6.4,203667,4080,56,58.42,3574,0.05,0.0001,0.03440771996974945,50666,,
6.44,204117,4090,56,57.69,3582,0.05,0.0001,0.0380047969520092,50779,,
6.45,204604,4100,56,56.35,3591,0.05,0.0001,0.020755847916007042,50900,,
6.46,205139,4110,56,56.69,3600,0.05,0.0001,0.021423012018203735,51034,,
6.3,205706,4120,56,54.65,3610,0.05,0.0001,0.024345362558960915,51176,,
6.32,206284,4130,56,55.4,3620,0.05,0.0001,0.0182049460709095,51320,,
6.13,206717,4140,56,54.12,3628,0.05,0.0001,0.024066369980573654,51429,,
6.33,207334,4150,56,54.48,3639,0.05,0.0001,0.03269679471850395,51583,,
6.31,207942,4160,56,53.8,3650,0.05,0.0001,0.01538386382162571,51735,,
6.45,208612,4170,56,55.3,3662,0.05,0.0001,0.036126840859651566,51902,,
6.42,209171,4180,56,55.04,3671,0.05,0.0001,0.034421175718307495,52042,,
6.62,209791,4190,56,56.74,3682,0.05,0.0001,0.03800549358129501,52197,,
6.65,210349,4200,56,57.45,3692,0.05,0.0001,0.03513842821121216,52337,,
6.69,210862,4210,56,57.23,3701,0.05,0.0001,0.029486343264579773,52465,,
6.63,211409,4220,56,57.03,3711,0.05,0.0001,0.017803387716412544,52602,,
6.8,212079,4230,56,57.95,3723,0.05,0.0001,0.029557904228568077,52769,,
7.14,212755,4240,56,60.38,3735,0.05,0.0001,0.0385308712720871,52938,,
7.0,213290,4250,56,59.56,3745,0.05,0.0001,0.040225639939308167,53072,,
6.94,213820,4260,56,58.78,3754,0.05,0.0001,0.026162566617131233,53204,,
7.16,214551,4270,56,59.39,3767,0.05,0.0001,0.01598205976188183,53387,,
7.12,214988,4280,56,58.17,3775,0.05,0.0001,0.023434042930603027,53496,,
7.08,215553,4290,56,57.62,3785,0.05,0.0001,0.036309096962213516,53638,,
7.04,216208,4300,56,58.59,3797,0.05,0.0001,0.01928549073636532,53801,,
7.18,216794,4310,56,59.32,3807,0.05,0.0001,0.029205981642007828,53948,,
7.22,217365,4320,56,59.56,3817,0.05,0.0001,0.015584835782647133,54091,,
7.17,218041,4330,56,59.62,3829,0.05,0.0001,0.034279607236385345,54260,,
7.12,218607,4340,56,58.52,3839,0.05,0.0001,0.013309445232152939,54401,,
7.16,219199,4350,56,59.09,3850,0.05,0.0001,0.016992878168821335,54549,,
7.17,219876,4360,56,60.56,3862,0.05,0.0001,0.015349839814007282,54718,,
6.92,220518,4370,56,59.67,3873,0.05,0.0001,0.020472873002290726,54879,,
7.2,221079,4380,56,60.91,3883,0.05,0.0001,0.023430146276950836,55019,,
7.11,221633,4390,56,60.8,3893,0.05,0.0001,0.019778762012720108,55158,,
7.15,222230,4400,56,60.22,3904,0.05,0.0001,0.024814995005726814,55307,,
7.06,222871,4410,56,60.77,3915,0.05,0.0001,0.03087463788688183,55467,,
7.17,223457,4420,56,60.92,3927,0.05,0.0001,0.014878771267831326,55614,,
7.14,224126,4430,56,60.85,3939,0.05,0.0001,0.016791030764579773,55781,,
7.16,224714,4440,56,61.07,3949,0.05,0.0001,0.02317507378757,55928,,
7.07,225235,4450,56,60.36,3959,0.05,0.0001,0.03072761371731758,56058,,
6.83,225599,4460,56,57.23,3965,0.05,0.0001,0.02033614180982113,56149,,
6.9,226312,4470,56,57.94,3978,0.05,0.0001,0.07171789556741714,56327,,
6.65,226779,4480,56,57.0,3986,0.05,0.0001,0.028192643076181412,56444,,
6.55,227216,4490,56,55.83,3994,0.05,0.0001,0.04759148508310318,56553,,
6.64,227805,4500,56,55.75,4005,0.05,0.0001,0.025883208960294724,56701,,
6.62,228321,4510,56,54.5,4014,0.05,0.0001,0.02472851425409317,56830,,
6.65,228967,4520,56,55.1,4025,0.05,0.0001,0.036354247480630875,56991,,
6.58,229517,4530,56,53.91,4035,0.05,0.0001,0.059614915400743484,57129,,
6.52,230053,4540,56,53.39,4045,0.05,0.0001,0.05264381691813469,57263,,
6.64,230631,4550,56,53.96,4055,0.05,0.0001,0.02405645325779915,57407,,
6.93,231253,4560,56,56.54,4066,0.05,0.0001,0.017476951703429222,57563,,
6.85,231844,4570,56,55.32,4077,0.05,0.0001,0.02015244960784912,57710,,
7.01,232450,4580,56,56.71,4088,0.05,0.0001,0.017992425709962845,57862,,
7.14,233060,4590,56,58.44,4099,0.05,0.0001,0.01901893876492977,58014,,
7.24,233824,4600,56,60.19,4113,0.05,0.0001,0.030163723975419998,58205,,
7.23,234414,4610,56,60.93,4123,0.05,0.0001,0.039790645241737366,58353,,
7.06,235144,4620,56,61.77,4136,0.05,0.0001,0.03232785314321518,58535,,
6.97,235719,4630,56,62.02,4147,0.05,0.0001,0.02773251198232174,58679,,
6.96,236246,4640,56,61.93,4157,0.05,0.0001,0.030926400795578957,58811,,
6.87,236782,4650,56,61.51,4166,0.05,0.0001,0.021564599126577377,58945,,
6.78,237357,4660,56,61.04,4177,0.05,0.0001,0.02977054938673973,59089,,
6.83,237973,4670,56,61.29,4188,0.05,0.0001,0.04654783010482788,59243,,
6.69,238511,4680,56,60.61,4197,0.05,0.0001,0.01799219287931919,59377,,
6.73,239106,4690,56,60.46,4208,0.05,0.0001,0.052444688975811005,59526,,
6.43,239634,4700,56,58.1,4217,0.05,0.0001,0.014565768651664257,59658,,
6.48,240247,4710,56,58.33,4229,0.05,0.0001,0.029692020267248154,59811,,
6.68,240899,4720,56,57.55,4240,0.05,0.0001,0.036512359976768494,59974,,
6.76,241483,4730,56,57.64,4251,0.05,0.0001,0.035873040556907654,60120,,
6.79,242081,4740,56,58.35,4262,0.05,0.0001,0.04550471901893616,60270,,
6.82,242701,4750,56,59.19,4273,0.05,0.0001,0.014872739091515541,60425,,
6.88,243427,4760,56,60.7,4287,0.05,0.0001,0.028595412150025368,60606,,
6.78,243959,4770,56,59.86,4296,0.05,0.0001,0.038993753492832184,60739,,
6.84,244523,4780,56,60.12,4307,0.05,0.0001,0.015666428953409195,60880,,
6.83,245196,4790,56,60.9,4319,0.05,0.0001,0.016530437394976616,61048,,
6.91,245872,4800,56,62.38,4331,0.05,0.0001,0.01689273491501808,61217,,
7.01,246524,4810,56,62.77,4343,0.05,0.0001,0.014051421545445919,61380,,
6.71,247004,4820,56,61.05,4352,0.05,0.0001,0.02553286775946617,61500,,
6.85,247696,4830,56,62.13,4364,0.05,0.0001,0.014570333063602448,61673,,
6.7,248212,4840,56,61.31,4374,0.05,0.0001,0.020247740671038628,61802,,
6.82,248909,4850,56,62.08,4387,0.05,0.0001,0.022911444306373596,61977,,
6.78,249446,4860,56,60.19,4396,0.05,0.0001,0.027199072763323784,62111,,
6.86,249997,4870,56,60.38,4407,0.05,0.0001,0.03155885264277458,62249,,
,250000,,,,,0.05,,,,6.2,53.8
6.97,250694,4880,56,61.71,4421,0.05,0.0001,0.04015452787280083,62423,,
7.21,251498,4890,56,63.02,4436,0.05,0.0001,0.03205624967813492,62624,,
7.06,251999,4900,56,61.27,4445,0.05,0.0001,0.02169904112815857,62749,,
6.76,252501,4910,56,59.77,4454,0.05,0.0001,0.023206744343042374,62875,,
6.98,253132,4920,56,61.28,4466,0.05,0.0001,0.029542002826929092,63032,,
6.9,253780,4930,56,60.84,4477,0.05,0.0001,0.025846578180789948,63194,,
7.13,254414,4940,56,62.02,4489,0.05,0.0001,0.04152066260576248,63353,,
6.96,254966,4950,56,60.57,4499,0.05,0.0001,0.03606658801436424,63491,,
7.0,255653,4960,56,62.07,4512,0.05,0.0001,0.0548504963517189,63663,,
7.14,256368,4970,56,63.71,4526,0.05,0.0001,0.02557997778058052,63841,,
7.14,256967,4980,56,62.73,4537,0.05,0.0001,0.011541103012859821,63991,,
6.91,257610,4990,56,61.12,4549,0.05,0.0001,0.02511753886938095,64152,,
7.32,258262,5000,56,62.63,4561,0.05,0.0001,0.01927958056330681,64315,,
7.48,258799,5010,56,62.98,4570,0.05,0.0001,0.07733485102653503,64449,,
7.4,259338,5020,56,62.06,4582,0.05,0.0001,0.017797499895095825,64584,,
7.2,259810,5030,56,60.3,4592,0.05,0.0001,0.021184682846069336,64702,,
7.35,260693,5040,56,62.79,4610,0.05,0.0001,0.025685088708996773,64923,,
7.54,261435,5050,56,64.69,4624,0.05,0.0001,0.030899537727236748,65108,,
7.56,262145,5060,56,64.92,4638,0.05,0.0001,0.04744724556803703,65286,,
7.47,262807,5070,56,64.39,4652,0.05,0.0001,0.018435996025800705,65451,,
7.31,263284,5080,56,63.17,4662,0.05,0.0001,0.01420845091342926,65570,,
7.26,263783,5090,56,61.73,4672,0.05,0.0001,0.023607498034834862,65695,,
6.99,264291,5100,56,60.29,4682,0.05,0.0001,0.023663347586989403,65822,,
6.97,264805,5110,56,60.06,4693,0.05,0.0001,0.028962817043066025,65951,,
7.07,265449,5120,56,61.11,4706,0.05,0.0001,0.03394399583339691,66112,,
7.36,266113,5130,56,63.03,4720,0.05,0.0001,0.02291194722056389,66278,,
7.15,266768,5140,56,60.75,4733,0.05,0.0001,0.02562735788524151,66441,,
6.94,267341,5150,56,59.06,4747,0.05,0.0001,0.02903534099459648,66585,,
6.82,267877,5160,56,57.32,4759,0.05,0.0001,0.019770028069615364,66719,,
6.79,268501,5170,56,56.94,4771,0.05,0.0001,0.03274064138531685,66875,,
6.84,269035,5180,56,57.51,4782,0.05,0.0001,0.030133508145809174,67008,,
6.86,269584,5190,56,58.01,4793,0.05,0.0001,0.020889556035399437,67145,,
6.97,270283,5200,56,59.92,4807,0.05,0.0001,0.036082763224840164,67320,,
6.8,270718,5210,56,59.13,4816,0.05,0.0001,0.047447510063648224,67429,,
6.53,271122,5220,56,56.73,4825,0.05,0.0001,0.020707622170448303,67530,,
6.51,271704,5230,56,55.91,4836,0.05,0.0001,0.014281557872891426,67675,,
6.47,272294,5240,56,55.26,4848,0.05,0.0001,0.010454874485731125,67823,,
6.52,272966,5250,56,56.25,4861,0.05,0.0001,0.06917335838079453,67991,,
6.69,273695,5260,56,58.18,4876,0.05,0.0001,0.04487602040171623,68173,,
6.49,274179,5270,56,56.78,4886,0.05,0.0001,0.016074741259217262,68294,,
6.77,275034,5280,56,59.99,4903,0.05,0.0001,0.03473283722996712,68508,,
6.79,275582,5290,56,59.98,4913,0.05,0.0001,0.027712414041161537,68645,,
6.72,276229,5300,56,59.46,4925,0.05,0.0001,0.031661733984947205,68807,,
7.18,276991,5310,56,62.73,4939,0.05,0.0001,0.0254968274384737,68997,,
7.45,277615,5320,56,64.93,4950,0.05,0.0001,0.020530354231595993,69153,,
7.33,278216,5330,56,65.12,4961,0.05,0.0001,0.04018060863018036,69303,,
7.2,278701,5340,56,64.07,4970,0.05,0.0001,0.029544660821557045,69425,,
7.33,279390,5350,56,64.24,4984,0.05,0.0001,0.045280225574970245,69597,,
7.46,280267,5360,56,65.72,5000,0.05,0.0001,0.028641654178500175,69816,,
7.28,280635,5370,56,64.56,5007,0.05,0.0001,0.015845345333218575,69908,,
7.3,281443,5380,56,64.09,5022,0.05,0.0001,0.02356402948498726,70110,,
7.33,282046,5390,56,64.64,5033,0.05,0.0001,0.042474422603845596,70261,,
7.25,282536,5400,56,63.07,5042,0.05,0.0001,0.02834506705403328,70383,,
6.85,283086,5410,56,60.95,5052,0.05,0.0001,0.01511155441403389,70521,,
6.72,283771,5420,56,61.56,5065,0.05,0.0001,0.040710534900426865,70692,,
6.78,284453,5430,56,62.37,5078,0.05,0.0001,0.03278584033250809,70863,,
7.0,285045,5440,56,63.44,5089,0.05,0.0001,0.045710958540439606,71011,,
6.62,285431,5450,56,60.41,5096,0.05,0.0001,0.029661253094673157,71107,,
6.55,286140,5460,55,58.73,5109,0.05,0.0001,0.05802755057811737,71284,,
6.51,286430,5470,55,57.95,5115,0.05,0.0001,0.021278608590364456,71357,,
6.3,287060,5480,55,56.17,5126,0.05,0.0001,0.0308197233825922,71514,,
6.38,287712,5490,55,56.66,5139,0.05,0.0001,0.019353117793798447,71677,,
6.41,288243,5500,55,57.07,5149,0.05,0.0001,0.02716914564371109,71810,,
6.58,288886,5510,55,58.0,5161,0.05,0.0001,0.023323068395256996,71971,,
6.73,289515,5520,55,57.44,5172,0.05,0.0001,0.03164716064929962,72128,,
6.43,289939,5530,55,54.86,5180,0.05,0.0001,0.011534427292644978,72234,,
6.32,290543,5540,55,54.98,5192,0.05,0.0001,0.0428767092525959,72385,,
6.85,291454,5550,55,60.23,5208,0.05,0.0001,0.03327753767371178,72613,,
6.58,292006,5560,55,58.66,5219,0.05,0.0001,0.02424226701259613,72751,,
6.89,292560,5570,55,61.3,5229,0.05,0.0001,0.019817905500531197,72889,,
6.79,293106,5580,55,60.46,5239,0.05,0.0001,0.03473198786377907,73026,,
6.87,293852,5590,55,61.4,5253,0.05,0.0001,0.035973235964775085,73212,,
6.93,294424,5600,55,61.81,5263,0.05,0.0001,0.021177487447857857,73355,,
7.05,295080,5610,55,61.94,5275,0.05,0.0001,0.018786463886499405,73519,,
6.99,295669,5620,55,61.54,5286,0.05,0.0001,0.027058474719524384,73667,,
7.16,296250,5630,55,63.11,5297,0.05,0.0001,0.0325770229101181,73812,,
7.2,296821,5640,55,62.78,5308,0.05,0.0001,0.020098017528653145,73955,,
7.06,297532,5650,55,60.78,5321,0.05,0.0001,0.026626011356711388,74132,,
7.27,298135,5660,55,61.29,5332,0.05,0.0001,0.016228975728154182,74283,,
7.32,298683,5670,55,61.23,5342,0.05,0.0001,0.022105274721980095,74420,,
7.41,299297,5680,55,61.91,5353,0.05,0.0001,0.01564774662256241,74574,,
7.25,299942,5690,55,60.9,5365,0.05,0.0001,0.02758033759891987,74735,,
,300000,,,,,0.05,0.0001,0.028354879468679428,74749,6.4,51.0
7.12,300463,5700,55,60.39,5377,0.05,0.0001,0.02453031949698925,74865,,
6.87,301018,5710,55,59.38,5387,0.05,0.0001,0.03135593235492706,75004,,
6.93,301615,5720,55,59.46,5399,0.05,0.0001,0.014359310269355774,75153,,
7.04,302215,5730,55,59.65,5410,0.05,0.0001,0.039573874324560165,75303,,
6.98,302666,5740,55,58.45,5418,0.05,0.0001,0.026540949940681458,75416,,
6.92,303347,5750,55,58.15,5431,0.05,0.0001,0.02770814299583435,75586,,
6.7,303811,5760,55,56.76,5440,0.05,0.0001,0.022749340161681175,75702,,
6.77,304381,5770,55,56.98,5451,0.05,0.0001,0.024225112050771713,75845,,
6.82,305000,5780,55,57.03,5462,0.05,0.0001,0.019873499870300293,75999,,
6.81,305659,5790,55,57.17,5474,0.05,0.0001,0.06125287711620331,76164,,
6.96,306164,5800,55,57.01,5484,0.05,0.0001,0.019952906295657158,76290,,
7.0,306758,5810,55,57.4,5495,0.05,0.0001,0.022217825055122375,76439,,
6.9,307392,5820,55,57.77,5506,0.05,0.0001,0.0158968698233366,76597,,
6.73,307876,5830,55,56.61,5515,0.05,0.0001,0.01789257861673832,76718,,
6.86,308521,5840,55,58.55,5527,0.05,0.0001,0.021451657637953758,76880,,
6.85,309128,5850,55,57.81,5538,0.05,0.0001,0.01832580752670765,77031,,
7.04,309670,5860,55,58.59,5548,0.05,0.0001,0.07379686087369919,77167,,
7.05,310351,5870,55,59.7,5560,0.05,0.0001,0.02382924035191536,77337,,
7.0,310967,5880,55,59.67,5572,0.05,0.0001,0.013140888884663582,77491,,
6.85,311455,5890,55,57.96,5581,0.05,0.0001,0.027562573552131653,77613,,
6.89,312126,5900,55,59.62,5593,0.05,0.0001,0.03450985252857208,77781,,
6.85,312626,5910,55,58.68,5602,0.05,0.0001,0.02599969692528248,77906,,
6.8,313213,5920,55,58.21,5613,0.05,0.0001,0.019346967339515686,78053,,
7.09,313932,5930,55,60.56,5626,0.05,0.0001,0.016777679324150085,78232,,
7.12,314569,5940,55,60.48,5638,0.05,0.0001,0.04306784272193909,78392,,
6.82,314981,5950,55,58.53,5646,0.05,0.0001,0.01316881738603115,78495,,
6.74,315530,5960,55,58.6,5656,0.05,0.0001,0.022534281015396118,78632,,
6.63,316084,5970,55,57.33,5666,0.05,0.0001,0.019195159897208214,78770,,
6.54,316696,5980,55,57.29,5677,0.05,0.0001,0.024746980518102646,78923,,
6.81,317427,5990,55,59.72,5691,0.05,0.0001,0.015806540846824646,79106,,
6.78,318046,6000,55,59.2,5702,0.05,0.0001,0.02351502515375614,79261,,
7.16,318728,6010,55,61.02,5714,0.05,0.0001,0.05402931198477745,79431,,
7.33,319391,6020,55,61.78,5726,0.05,0.0001,0.010086155496537685,79597,,
7.18,319967,6030,55,60.35,5737,0.05,0.0001,0.018451526761054993,79741,,
7.23,320616,6040,55,60.47,5749,0.05,0.0001,0.016333095729351044,79903,,
7.52,321239,6050,55,62.58,5760,0.05,0.0001,0.03444499894976616,80059,,
7.66,321971,6060,55,64.41,5774,0.05,0.0001,0.017946815118193626,80242,,
7.79,322715,6070,55,66.31,5787,0.05,0.0001,0.022018317133188248,80428,,
7.75,323267,6080,55,65.71,5798,0.05,0.0001,0.01667902059853077,80566,,
7.61,323904,6090,55,64.77,5810,0.05,0.0001,0.03628052398562431,80725,,
7.64,324550,6100,55,65.04,5821,0.05,0.0001,0.023912090808153152,80887,,
7.17,324933,6110,55,62.05,5829,0.05,0.0001,0.024905391037464142,80983,,
7.03,325526,6120,55,61.35,5839,0.05,0.0001,0.021161381155252457,81131,,
7.1,326256,6130,55,62.89,5853,0.05,0.0001,0.03283686935901642,81313,,
6.89,326859,6140,55,62.43,5864,0.05,0.0001,0.030170785263180733,81464,,
6.97,327420,6150,55,61.81,5874,0.05,0.0001,0.02370433509349823,81604,,
6.89,328095,6160,55,61.24,5887,0.05,0.0001,0.02214149571955204,81773,,
6.92,328848,6170,55,61.33,5901,0.05,0.0001,0.033881209790706635,81961,,
7.25,329576,6180,55,63.09,5914,0.05,0.0001,0.023332152515649796,82143,,
7.24,330120,6190,55,62.16,5925,0.05,0.0001,0.020994633436203003,82279,,
7.2,330737,6200,55,61.87,5936,0.05,0.0001,0.017880231142044067,82434,,
7.38,331372,6210,55,64.39,5947,0.05,0.0001,0.02473079226911068,82592,,
7.44,332120,6220,55,65.94,5961,0.05,0.0001,0.020252753049135208,82779,,
7.38,332621,6230,55,63.65,5970,0.05,0.0001,0.01827937550842762,82905,,
7.59,333257,6240,55,63.98,5982,0.05,0.0001,0.0177630465477705,83064,,
7.39,333867,6250,55,64.47,5993,0.05,0.0001,0.03694750368595123,83216,,
7.12,334374,6260,55,62.79,6003,0.05,0.0001,0.02301238477230072,83343,,
7.07,335003,6270,55,61.55,6014,0.05,0.0001,0.02932802587747574,83500,,
7.01,335739,6280,55,61.63,6028,0.05,0.0001,0.01376316323876381,83684,,
7.09,336340,6290,55,62.2,6039,0.05,0.0001,0.023271968588232994,83834,,
7.03,336861,6300,55,61.24,6049,0.05,0.0001,0.028198543936014175,83965,,
7.03,337464,6310,55,60.92,6060,0.05,0.0001,0.023091765120625496,84115,,
6.95,337996,6320,55,58.76,6070,0.05,0.0001,0.014109451323747635,84248,,
6.96,338644,6330,55,60.23,6082,0.05,0.0001,0.02167528308928013,84410,,
6.98,339344,6340,55,60.87,6095,0.05,0.0001,0.03487655892968178,84585,,
6.96,339788,6350,55,59.21,6103,0.05,0.0001,0.022535257041454315,84696,,
7.21,340430,6360,55,60.56,6115,0.05,0.0001,0.022900493815541267,84857,,
7.17,341132,6370,55,61.29,6128,0.05,0.0001,0.03504006564617157,85032,,
7.03,341773,6380,55,60.34,6140,0.05,0.0001,0.035911720246076584,85193,,
7.11,342418,6390,55,60.78,6152,0.05,0.0001,0.0240638367831707,85354,,
7.26,343037,6400,55,61.76,6163,0.05,0.0001,0.021994756534695625,85509,,
7.3,343777,6410,55,63.13,6177,0.05,0.0001,0.011339557357132435,85694,,
7.18,344303,6420,55,63.07,6186,0.05,0.0001,0.06987414509057999,85825,,
7.15,344926,6430,55,62.82,6198,0.05,0.0001,0.0181252621114254,85981,,
6.86,345367,6440,55,60.23,6206,0.05,0.0001,0.03641762584447861,86091,,
6.85,345923,6450,55,61.35,6216,0.05,0.0001,0.01638112962245941,86230,,
6.86,346502,6460,55,60.72,6227,0.05,0.0001,0.010687987320125103,86375,,
6.77,347062,6470,55,59.3,6238,0.05,0.0001,0.032215364277362823,86515,,
6.81,347803,6480,55,60.3,6251,0.05,0.0001,0.01140444353222847,86700,,
6.73,348439,6490,55,60.21,6263,0.05,0.0001,0.061611972749233246,86859,,
6.73,349136,6500,55,60.99,6276,0.05,0.0001,0.016315143555402756,87033,,
6.61,349604,6510,55,58.27,6285,0.05,0.0001,0.017969034612178802,87150,,
,350000,,,,,0.05,0.0001,0.019067196175456047,87249,5.8,43.4
6.72,350123,6520,55,58.2,6296,0.05,0.0001,0.02961953729391098,87280,,
6.96,350770,6530,55,58.44,6308,0.05,0.0001,0.023686908185482025,87442,,
7.11,351348,6540,55,59.81,6318,0.05,0.0001,0.026183564215898514,87586,,
7.28,351966,6550,55,60.43,6330,0.05,0.0001,0.04295748099684715,87741,,
7.18,352503,6560,55,60.01,6340,0.05,0.0001,0.02330813743174076,87875,,
7.37,353228,6570,55,61.66,6353,0.05,0.0001,0.032794058322906494,88056,,
7.32,353849,6580,55,60.46,6365,0.05,0.0001,0.009535817429423332,88212,,
7.41,354562,6590,55,61.23,6378,0.05,0.0001,0.03743886202573776,88390,,
7.32,355197,6600,55,60.61,6390,0.05,0.0001,0.020326219499111176,88549,,
7.4,355695,6610,55,60.91,6399,0.05,0.0001,0.030442088842391968,88673,,
7.4,356275,6620,55,61.52,6410,0.05,0.0001,0.024227377027273178,88818,,
7.28,357019,6630,55,62.49,6424,0.05,0.0001,0.015708625316619873,89004,,
7.25,357678,6640,55,63.3,6436,0.05,0.0001,0.03448088839650154,89169,,
7.31,358361,6650,55,63.95,6448,0.05,0.0001,0.04906493425369263,89340,,
7.21,358786,6660,55,62.83,6456,0.05,0.0001,0.03314077854156494,89446,,
7.26,359500,6670,55,62.72,6469,0.05,0.0001,0.020275168120861053,89624,,
7.37,360230,6680,55,63.81,6483,0.05,0.0001,0.025286173447966576,89807,,
7.2,360796,6690,55,62.34,6493,0.05,0.0001,0.010154648683965206,89948,,
7.22,361486,6700,55,62.89,6506,0.05,0.0001,0.02059178799390793,90121,,
7.21,362051,6710,55,63.56,6516,0.05,0.0001,0.030142704024910927,90262,,
7.24,362560,6720,55,62.85,6526,0.05,0.0001,0.013898041099309921,90389,,
7.3,363190,6730,55,61.71,6538,0.05,0.0001,0.03317949175834656,90547,,
7.26,363729,6740,55,60.51,6548,0.05,0.0001,0.03782685101032257,90682,,
7.29,364525,6750,55,61.64,6562,0.05,0.0001,0.036408040672540665,90881,,
7.4,365021,6760,55,62.35,6572,0.05,0.0001,0.026931246742606163,91005,,
7.33,365713,6770,55,62.13,6585,0.05,0.0001,0.01854388788342476,91178,,
7.26,366280,6780,55,60.5,6595,0.05,0.0001,0.02498256228864193,91319,,
7.3,366988,6790,55,61.92,6608,0.05,0.0001,0.015804575756192207,91496,,
7.35,367595,6800,55,61.09,6619,0.05,0.0001,0.028842104598879814,91648,,
7.51,368264,6810,55,62.13,6632,0.05,0.0001,0.03303220495581627,91815,,
7.59,368852,6820,55,62.92,6643,0.05,0.0001,0.044049911201000214,91962,,
7.61,369484,6830,55,62.94,6656,0.05,0.0001,0.01793004758656025,92120,,
7.53,370005,6840,55,62.76,6665,0.05,0.0001,0.01587594300508499,92251,,
7.45,370616,6850,55,60.91,6677,0.05,0.0001,0.02537820115685463,92403,,
7.59,371357,6860,55,63.36,6691,0.05,0.0001,0.023833908140659332,92589,,
7.64,372078,6870,55,63.65,6704,0.05,0.0001,0.0295160710811615,92769,,
7.69,372692,6880,55,64.12,6716,0.05,0.0001,0.010587120428681374,92922,,
7.84,373411,6890,55,64.23,6729,0.05,0.0001,0.016977591440081596,93102,,
7.97,374112,6900,55,65.17,6742,0.05,0.0001,0.029798533767461777,93277,,
7.77,374619,6910,55,63.55,6751,0.05,0.0001,0.032135896384716034,93404,,
7.8,375217,6920,55,63.65,6762,0.05,0.0001,0.05394352599978447,93554,,
7.68,375873,6930,55,63.89,6774,0.05,0.0001,0.02373049035668373,93718,,
7.83,376501,6940,55,64.96,6786,0.05,0.0001,0.023634091019630432,93875,,
7.82,377133,6950,55,65.17,6798,0.05,0.0001,0.04040851444005966,94033,,
7.69,377683,6960,55,63.26,6808,0.05,0.0001,0.029582608491182327,94170,,
7.36,378158,6970,55,60.8,6817,0.05,0.0001,0.01199241355061531,94289,,
7.19,378666,6980,55,59.74,6826,0.05,0.0001,0.020379934459924698,94416,,
7.04,379163,6990,55,57.52,6835,0.05,0.0001,0.026693446561694145,94540,,
6.89,379752,7000,55,56.4,6846,0.05,0.0001,0.03840010613203049,94687,,
7.05,380433,7010,55,58.14,6859,0.05,0.0001,0.015380124561488628,94858,,
6.82,380870,7020,55,56.53,6867,0.05,0.0001,0.04672389477491379,94967,,
6.86,381444,7030,55,55.71,6877,0.05,0.0001,0.024708174169063568,95110,,
6.93,382124,7040,55,56.23,6890,0.05,0.0001,0.038430869579315186,95280,,
7.02,382838,7050,55,57.05,6903,0.05,0.0001,0.01479936484247446,95459,,
7.17,383625,7060,55,59.42,6918,0.05,0.0001,0.023375703021883965,95656,,
7.43,384361,7070,55,62.03,6931,0.05,0.0001,0.041017159819602966,95840,,
7.45,384844,7080,55,61.78,6940,0.05,0.0001,0.019689783453941345,95960,,
7.52,385465,7090,55,63.02,6952,0.05,0.0001,0.022375954315066338,96116,,
7.36,385972,7100,55,62.2,6961,0.05,0.0001,0.04008788615465164,96242,,
7.16,386505,7110,55,60.72,6971,0.05,0.0001,0.01835482567548752,96376,,
7.32,387128,7120,55,62.58,6982,0.05,0.0001,0.025689925998449326,96531,,
7.35,387747,7130,55,63.03,6994,0.05,0.0001,0.016950836405158043,96686,,
7.45,388482,7140,55,63.58,7008,0.05,0.0001,0.016460370272397995,96870,,
7.11,388875,7150,55,60.37,7015,0.05,0.0001,0.048892732709646225,96968,,
6.7,389260,7160,55,56.35,7022,0.05,0.0001,0.01681896112859249,97064,,
7.01,390128,7170,55,57.67,7038,0.05,0.0001,0.027259021997451782,97281,,
7.07,390675,7180,55,58.31,7048,0.05,0.0001,0.021867623552680016,97418,,
7.31,391503,7190,55,60.38,7063,0.05,0.0001,0.023312408477067947,97625,,
7.35,392090,7200,55,61.18,7074,0.05,0.0001,0.04120510071516037,97772,,
7.51,392652,7210,55,61.47,7085,0.05,0.0001,0.018386641517281532,97912,,
7.44,393214,7220,55,60.86,7095,0.05,0.0001,0.024365771561861038,98053,,
7.26,393627,7230,55,58.8,7103,0.05,0.0001,0.036185283213853836,98156,,
7.08,394263,7240,55,57.81,7115,0.05,0.0001,0.017604270949959755,98315,,
7.2,394793,7250,55,59.18,7125,0.05,0.0001,0.027440138161182404,98448,,
7.58,395466,7260,55,62.06,7137,0.05,0.0001,0.017521971836686134,98616,,
7.12,395973,7270,55,58.45,7146,0.05,0.0001,0.04363689571619034,98743,,
7.24,396630,7280,55,59.55,7158,0.05,0.0001,0.009144122712314129,98907,,
6.65,397010,7290,55,55.07,7165,0.05,0.0001,0.018507523462176323,99002,,
6.71,397591,7300,55,55.01,7177,0.05,0.0001,0.01177490595728159,99147,,
6.8,398255,7310,55,56.03,7190,0.05,0.0001,0.014583058655261993,99313,,
6.84,398819,7320,55,56.05,7200,0.05,0.0001,0.01941211149096489,99454,,
6.86,399406,7330,55,57.79,7211,0.05,0.0001,0.021293405443429947,99601,,
,400000,,,,,0.05,0.0001,0.025555774569511414,99749,9.8,69.2
6.97,400009,7340,55,57.46,7224,0.05,0.0001,0.030993295833468437,99752,,
6.86,400447,7350,55,56.54,7232,0.05,0.0001,0.026568427681922913,99861,,
6.78,401050,7360,55,55.84,7243,0.05,0.0001,0.03889106959104538,100012,,
6.8,401587,7370,55,56.14,7253,0.05,0.0001,0.04773256555199623,100146,,
6.71,402125,7380,55,54.95,7263,0.05,0.0001,0.018112540245056152,100281,,
7.26,402874,7390,55,58.64,7277,0.05,0.0001,0.014789887703955173,100468,,
7.28,403521,7400,55,59.3,7289,0.05,0.0001,0.019842112436890602,100630,,
7.38,404266,7410,55,60.11,7303,0.05,0.0001,0.032796747982501984,100816,,
7.31,404757,7420,55,59.38,7312,0.05,0.0001,0.03168994560837746,100939,,
7.58,405643,7430,55,62.37,7328,0.05,0.0001,0.03214972838759422,101160,,
7.44,406201,7440,55,61.92,7338,0.05,0.0001,0.017324358224868774,101300,,
7.57,406722,7450,55,62.75,7348,0.05,0.0001,0.03642061725258827,101430,,
7.62,407267,7460,55,62.17,7358,0.05,0.0001,0.01633322425186634,101566,,
7.59,407814,7470,55,62.27,7368,0.05,0.0001,0.04095755144953728,101703,,
7.57,408442,7480,55,63.17,7379,0.05,0.0001,0.015478619374334812,101860,,
7.3,409011,7490,55,61.37,7390,0.05,0.0001,0.029477061703801155,102002,,
7.51,409697,7500,55,61.76,7403,0.05,0.0001,0.01985657960176468,102174,,
7.35,410326,7510,55,60.6,7415,0.05,0.0001,0.028696252033114433,102331,,
7.29,410748,7520,55,59.91,7423,0.05,0.0001,0.06521254032850266,102436,,
7.03,411257,7530,55,56.14,7432,0.05,0.0001,0.028203997761011124,102564,,
7.22,411970,7540,55,57.69,7445,0.05,0.0001,0.03302956372499466,102742,,
7.28,412529,7550,55,58.07,7455,0.05,0.0001,0.048771075904369354,102882,,
7.27,413063,7560,55,57.96,7465,0.05,0.0001,0.031090425327420235,103015,,
7.22,413554,7570,55,57.4,7474,0.05,0.0001,0.035788483917713165,103138,,
7.45,414282,7580,55,58.4,7488,0.05,0.0001,0.017508719116449356,103320,,
7.52,414943,7590,55,59.32,7500,0.05,0.0001,0.016383668407797813,103485,,
7.35,415494,7600,55,57.97,7510,0.05,0.0001,0.01448072399944067,103623,,
7.28,416122,7610,55,57.96,7522,0.05,0.0001,0.013788060285151005,103780,,
7.29,416516,7620,55,57.68,7529,0.05,0.0001,0.057210203260183334,103878,,
7.38,417144,7630,55,58.87,7540,0.05,0.0001,0.015044951811432838,104035,,
7.05,417637,7640,55,56.67,7549,0.05,0.0001,0.056904926896095276,104159,,
6.98,418158,7650,55,56.29,7559,0.05,0.0001,0.022098364308476448,104289,,
6.78,418615,7660,55,55.52,7567,0.05,0.0001,0.02416311763226986,104403,,
6.98,419247,7670,55,56.93,7579,0.05,0.0001,0.04879707843065262,104561,,
6.64,419757,7680,55,54.75,7588,0.05,0.0001,0.01591491885483265,104689,,
6.6,420287,7690,55,53.44,7598,0.05,0.0001,0.022675439715385437,104821,,
6.48,420849,7700,55,53.55,7609,0.05,0.0001,0.02559139020740986,104962,,
6.68,421692,7710,55,55.7,7624,0.05,0.0001,0.020665368065238,105172,,
6.81,422272,7720,55,57.56,7635,0.05,0.0001,0.030573926866054535,105317,,
6.58,422732,7730,55,55.88,7643,0.05,0.0001,0.03913304582238197,105432,,
6.69,423238,7740,55,56.01,7653,0.05,0.0001,0.012576681561768055,105559,,
6.63,423728,7750,55,55.7,7662,0.05,0.0001,0.020617187023162842,105681,,
6.92,424368,7760,55,57.53,7674,0.05,0.0001,0.025581739842891693,105841,,
6.9,425040,7770,55,57.93,7688,0.05,0.0001,0.030892586335539818,106009,,
6.96,425650,7780,55,58.93,7704,0.05,0.0001,0.019752178341150284,106162,,
6.83,426192,7790,55,59.05,7716,0.05,0.0001,0.019418448209762573,106297,,
7.04,426936,7800,55,60.87,7730,0.05,0.0001,0.009496348910033703,106483,,
6.88,427515,7810,55,58.23,7742,0.05,0.0001,0.03783097490668297,106628,,
6.96,428239,7820,55,59.67,7756,0.05,0.0001,0.021223854273557663,106809,,
7.12,428799,7830,55,60.67,7768,0.05,0.0001,0.025980059057474136,106949,,
7.29,429493,7840,55,62.55,7782,0.05,0.0001,0.04183267802000046,107123,,
7.4,430026,7850,55,62.98,7793,0.05,0.0001,0.028206098824739456,107256,,
7.46,430787,7860,55,64.19,7808,0.05,0.0001,0.029257729649543762,107446,,
7.38,431424,7870,55,63.84,7821,0.05,0.0001,0.04036462679505348,107605,,
7.35,431939,7880,55,62.89,7832,0.05,0.0001,0.013306726701557636,107734,,
7.7,432759,7890,55,65.67,7848,0.05,0.0001,0.02684340812265873,107939,,
7.52,433246,7900,55,63.1,7858,0.05,0.0001,0.029580969363451004,108061,,
7.44,433742,7910,55,62.27,7868,0.05,0.0001,0.03869415074586868,108185,,
7.52,434412,7920,55,61.73,7881,0.05,0.0001,0.01027817651629448,108352,,
7.59,434927,7930,55,61.28,7892,0.05,0.0001,0.021682053804397583,108481,,
7.35,435493,7940,55,60.0,7904,0.05,0.0001,0.028326958417892456,108623,,
7.33,436061,7950,55,60.35,7917,0.05,0.0001,0.01334391813725233,108765,,
7.33,436896,7960,55,61.09,7935,0.05,0.0001,0.02461545169353485,108973,,
7.23,437376,7970,55,59.52,7946,0.05,0.0001,0.04467061161994934,109093,,
7.22,437963,7980,55,60.24,7960,0.05,0.0001,0.03395593911409378,109240,,
7.07,438674,7990,54,59.15,7978,0.05,0.0001,0.022435758262872696,109418,,
7.27,439350,8000,54,61.04,7992,0.05,0.0001,0.018382176756858826,109587,,
7.33,439904,8010,54,61.62,8014,0.05,0.0001,0.03164403885602951,109725,,
7.28,440577,8020,54,61.65,8028,0.05,0.0001,0.02063007839024067,109894,,
7.26,441175,8030,54,62.48,8040,0.05,0.0001,0.01660010777413845,110043,,
7.41,441692,8040,54,61.99,8064,0.05,0.0001,0.009353422559797764,110172,,
7.57,442417,8050,54,63.56,8078,0.05,0.0001,0.021054109558463097,110354,,
7.42,442991,8060,54,60.95,8093,0.05,0.0001,0.03910895437002182,110497,,
7.38,443472,8070,54,60.96,8105,0.05,0.0001,0.024915264919400215,110617,,
7.64,444345,8080,54,63.82,8124,0.05,0.0001,0.021625563502311707,110836,,
7.41,444827,8090,54,61.53,8133,0.05,0.0001,0.04967569187283516,110956,,
7.45,445578,8100,54,62.28,8147,0.05,0.0001,0.013579301536083221,111144,,
7.47,446160,8110,54,62.56,8158,0.05,0.0001,0.03731052577495575,111289,,
7.48,446858,8120,54,62.81,8171,0.05,0.0001,0.02324928715825081,111464,,
7.39,447336,8130,54,61.61,8179,0.05,0.0001,0.03873877972364426,111583,,
7.51,448048,8140,54,63.56,8193,0.05,0.0001,0.019028399139642715,111761,,
7.31,448642,8150,54,62.25,8204,0.05,0.0001,0.01620497554540634,111910,,
7.41,449333,8160,54,63.42,8216,0.05,0.0001,0.03585657849907875,112083,,
,450000,,,,,0.05,0.0001,0.014256242662668228,112249,7.2,66.0
7.77,450077,8170,54,66.05,8232,0.05,0.0001,0.017241211608052254,112269,,
7.78,450824,8180,54,64.79,8246,0.05,0.0001,0.03542758896946907,112455,,
7.79,451323,8190,54,64.96,8255,0.05,0.0001,0.04801439866423607,112580,,
7.7,452050,8200,54,64.72,8268,0.05,0.0001,0.017890851944684982,112762,,
7.76,452678,8210,54,65.18,8280,0.05,0.0001,0.021289801225066185,112919,,
7.86,453412,8220,54,65.54,8294,0.05,0.0001,0.021743079647421837,113102,,
7.91,453994,8230,54,66.58,8304,0.05,0.0001,0.035283368080854416,113248,,
7.75,454566,8240,54,65.18,8315,0.05,0.0001,0.036304913461208344,113391,,
7.8,455087,8250,54,64.45,8325,0.05,0.0001,0.01854204572737217,113521,,
7.79,455794,8260,54,64.61,8338,0.05,0.0001,0.03318766504526138,113698,,
7.56,456356,8270,54,62.79,8348,0.05,0.0001,0.021715104579925537,113838,,
7.41,456985,8280,54,61.61,8360,0.05,0.0001,0.01796918734908104,113996,,
7.44,457495,8290,54,61.72,8369,0.05,0.0001,0.012767953798174858,114123,,
7.62,458342,8300,54,62.92,8385,0.05,0.0001,0.017243267968297005,114335,,
7.42,458815,8310,54,61.37,8394,0.05,0.0001,0.011886181309819221,114453,,
7.28,459470,8320,54,60.58,8406,0.05,0.0001,0.02300914376974106,114617,,
7.22,459979,8330,54,59.85,8416,0.05,0.0001,0.015745293349027634,114744,,
7.47,460812,8340,54,62.46,8431,0.05,0.0001,0.015890834853053093,114952,,
7.48,461424,8350,54,63.37,8443,0.05,0.0001,0.02493167109787464,115105,,
7.4,462104,8360,54,63.1,8455,0.05,0.0001,0.022639259696006775,115275,,
7.62,462849,8370,54,64.93,8469,0.05,0.0001,0.02962428517639637,115462,,
7.67,463426,8380,54,64.41,8479,0.05,0.0001,0.01276850700378418,115606,,
7.72,463937,8390,54,64.42,8489,0.05,0.0001,0.027316804975271225,115734,,
7.58,464710,8400,54,63.68,8503,0.05,0.0001,0.02116077020764351,115927,,
7.51,465098,8410,54,62.83,8510,0.05,0.0001,0.017992813140153885,116024,,
7.5,465742,8420,54,62.72,8522,0.05,0.0001,0.0188167542219162,116185,,
7.63,466385,8430,54,64.06,8534,0.05,0.0001,0.011785723268985748,116346,,
7.46,467072,8440,54,62.6,8546,0.05,0.0001,0.023364707827568054,116517,,
7.45,467616,8450,54,61.92,8556,0.05,0.0001,0.04676954820752144,116653,,
7.35,468150,8460,54,60.46,8566,0.05,0.0001,0.01677820272743702,116787,,
7.05,468620,8470,54,57.71,8575,0.05,0.0001,0.02385646477341652,116904,,
7.03,469243,8480,54,58.17,8587,0.05,0.0001,0.05458123981952667,117060,,
7.1,469910,8490,54,59.73,8599,0.05,0.0001,0.014675338752567768,117227,,
7.11,470711,8500,54,60.01,8614,0.05,0.0001,0.02006903849542141,117427,,
7.02,471095,8510,54,59.97,8621,0.05,0.0001,0.026354700326919556,117523,,
7.01,471694,8520,54,59.52,8632,0.05,0.0001,0.036100853234529495,117673,,
6.92,472142,8530,54,57.57,8640,0.05,0.0001,0.024947136640548706,117785,,
7.04,472925,8540,54,58.53,8655,0.05,0.0001,0.018731338903307915,117981,,
7.0,473417,8550,54,58.01,8664,0.05,0.0001,0.017673535272479057,118104,,
7.41,474272,8560,54,61.22,8679,0.05,0.0001,0.03122016228735447,118317,,
7.55,474840,8570,54,62.2,8690,0.05,0.0001,0.014917982742190361,118459,,
7.31,475264,8580,54,60.21,8698,0.05,0.0001,0.02206181362271309,118565,,
7.61,476066,8590,54,61.56,8712,0.05,0.0001,0.044690459966659546,118766,,
7.38,476588,8600,54,58.77,8722,0.05,0.0001,0.020617635920643806,118896,,
7.78,477312,8610,54,62.17,8735,0.05,0.0001,0.025813216343522072,119077,,
7.72,477854,8620,54,61.6,8745,0.05,0.0001,0.01107713207602501,119213,,
7.75,478483,8630,54,63.41,8757,0.05,0.0001,0.02488538809120655,119370,,
7.76,479138,8640,54,62.13,8768,0.05,0.0001,0.015904752537608147,119534,,
7.76,479639,8650,54,62.22,8778,0.05,0.0001,0.019747812300920486,119659,,
7.53,480306,8660,54,60.34,8790,0.05,0.0001,0.025151513516902924,119826,,
7.62,480915,8670,54,60.75,8802,0.05,0.0001,0.05929451435804367,119978,,
7.9,481514,8680,54,62.5,8812,0.05,0.0001,0.022841069847345352,120128,,
7.76,482225,8690,54,61.59,8826,0.05,0.0001,0.025426071137189865,120306,,
7.85,482795,8700,54,62.07,8836,0.05,0.0001,0.02506905607879162,120448,,
8.0,483619,8710,54,63.07,8851,0.05,0.0001,0.02297608181834221,120654,,
7.97,484147,8720,54,62.93,8861,0.05,0.0001,0.013203981332480907,120786,,
8.01,484757,8730,54,62.74,8872,0.05,0.0001,0.03354952484369278,120939,,
7.86,485337,8740,54,61.99,8883,0.05,0.0001,0.019063249230384827,121084,,
8.25,485982,8750,54,63.43,8895,0.05,0.0001,0.014126142486929893,121245,,
8.22,486647,8760,54,63.41,8907,0.05,0.0001,0.029659491032361984,121411,,
7.95,487121,8770,54,62.06,8916,0.05,0.0001,0.04746541380882263,121530,,
7.73,487668,8780,54,61.54,8926,0.05,0.0001,0.06417538225650787,121666,,
7.73,488229,8790,54,60.04,8937,0.05,0.0001,0.01599009707570076,121807,,
7.95,488977,8800,54,61.82,8950,0.05,0.0001,0.018705883994698524,121994,,
7.69,489614,8810,54,59.95,8962,0.05,0.0001,0.021404320374131203,122153,,
7.81,490251,8820,54,61.04,8974,0.05,0.0001,0.03455526381731033,122312,,
7.84,490946,8830,54,61.89,8987,0.05,0.0001,0.03604663908481598,122486,,
7.71,491516,8840,54,61.79,8997,0.05,0.0001,0.013705967925488949,122628,,
7.25,492080,8850,54,60.98,9007,0.05,0.0001,0.012188564985990524,122769,,
7.31,492782,8860,54,61.35,9020,0.05,0.0001,0.019462818279862404,122945,,
7.72,493585,8870,54,64.64,9035,0.05,0.0001,0.00834325235337019,123146,,
7.78,494195,8880,54,65.27,9046,0.05,0.0001,0.030954215675592422,123298,,
7.62,494828,8890,54,65.99,9058,0.05,0.0001,0.02736288495361805,123456,,
7.45,495451,8900,54,64.74,9069,0.05,0.0001,0.022422881796956062,123612,,
7.75,496399,8910,54,67.85,9086,0.05,0.0001,0.013889643363654613,123849,,
7.84,497154,8920,54,69.03,9101,0.05,0.0001,0.03083105944097042,124038,,
7.69,497649,8930,54,67.03,9110,0.05,0.0001,0.01543387770652771,124162,,
7.94,498336,8940,54,68.2,9123,0.05,0.0001,0.023206273093819618,124333,,
8.13,498972,8950,54,68.92,9134,0.05,0.0001,0.020623549818992615,124492,,
8.05,499727,8960,54,69.45,9148,0.05,0.0001,0.018736686557531357,124681,,
,500000,,,,,0.05,0.0001,0.013555326499044895,124749,5.2,41.8
